{
    "parent": "minecraft:item/generated",
    "textures": {
      "layer0": "minecraft:item/paper"
    },
    "overrides": [
      {
        "predicate": {
          "custom_model_data": 1000000
        },
        "model": "farmery:amethyst_cluster"
      },
      {
        "predicate": {
          "custom_model_data": 1000001
        },
        "model": "farmery:crimson_fungus"
      },
      {
        "predicate": {
          "custom_model_data": 1000002
        },
        "model": "farmery:brown_mushroom"
      }
    ]
}